timestamp_utc,run_id,workflow,log_path
2026-04-08T21:25:49Z,24159373250,Hyperliquid Collector,cloud_data/events_2026-04-08.jsonl
2026-04-08T23:14:17Z,24163409981,Hyperliquid Collector,cloud_data/events_2026-04-08.jsonl
2026-04-09T00:08:39Z,24165151228,Hyperliquid Collector,cloud_data/events_2026-04-09.jsonl
2026-04-09T05:40:18Z,24174316588,Hyperliquid Collector,cloud_data/events_2026-04-09.jsonl
2026-04-09T05:45:13Z,24174468425,Hyperliquid Collector,cloud_data/events_2026-04-09.jsonl
2026-04-09T05:50:08Z,24174620898,Hyperliquid Collector,cloud_data/events_2026-04-09.jsonl
2026-04-09T05:55:06Z,24174769074,Hyperliquid Collector,cloud_data/events_2026-04-09.jsonl
2026-04-09T06:00:01Z,24174919270,Hyperliquid Collector,cloud_data/events_2026-04-09.jsonl
2026-04-09T06:05:00Z,24175070021,Hyperliquid Collector,cloud_data/events_2026-04-09.jsonl
2026-04-09T06:09:54Z,24175230937,Hyperliquid Collector,cloud_data/events_2026-04-09.jsonl
2026-04-09T06:14:46Z,24175390041,Hyperliquid Collector,cloud_data/events_2026-04-09.jsonl
2026-04-09T06:19:42Z,24175547292,Hyperliquid Collector,cloud_data/events_2026-04-09.jsonl
2026-04-09T06:24:38Z,24175698430,Hyperliquid Collector,cloud_data/events_2026-04-09.jsonl
2026-04-09T06:29:34Z,24175854907,Hyperliquid Collector,cloud_data/events_2026-04-09.jsonl
2026-04-09T06:34:32Z,24176013902,Hyperliquid Collector,cloud_data/events_2026-04-09.jsonl
2026-04-09T06:39:30Z,24176179975,Hyperliquid Collector,cloud_data/events_2026-04-09.jsonl
2026-04-09T06:44:26Z,24176343644,Hyperliquid Collector,cloud_data/events_2026-04-09.jsonl
2026-04-09T06:49:23Z,24176514787,Hyperliquid Collector,cloud_data/events_2026-04-09.jsonl
2026-04-09T06:54:18Z,24176683771,Hyperliquid Collector,cloud_data/events_2026-04-09.jsonl
2026-04-09T06:59:10Z,24176856690,Hyperliquid Collector,cloud_data/events_2026-04-09.jsonl
2026-04-09T07:04:07Z,24177027078,Hyperliquid Collector,cloud_data/events_2026-04-09.jsonl
2026-04-09T07:09:05Z,24177207130,Hyperliquid Collector,cloud_data/events_2026-04-09.jsonl
2026-04-09T07:14:00Z,24177391361,Hyperliquid Collector,cloud_data/events_2026-04-09.jsonl
2026-04-09T07:18:59Z,24177578682,Hyperliquid Collector,cloud_data/events_2026-04-09.jsonl
2026-04-09T07:23:58Z,24177761840,Hyperliquid Collector,cloud_data/events_2026-04-09.jsonl
2026-04-09T07:28:53Z,24177944621,Hyperliquid Collector,cloud_data/events_2026-04-09.jsonl
2026-04-09T07:34:02Z,24178128838,Hyperliquid Collector,cloud_data/events_2026-04-09.jsonl
2026-04-09T07:38:59Z,24178324462,Hyperliquid Collector,cloud_data/events_2026-04-09.jsonl
2026-04-09T07:43:55Z,24178513942,Hyperliquid Collector,cloud_data/events_2026-04-09.jsonl
2026-04-09T07:48:50Z,24178707594,Hyperliquid Collector,cloud_data/events_2026-04-09.jsonl
2026-04-09T07:53:47Z,24178901179,Hyperliquid Collector,cloud_data/events_2026-04-09.jsonl
2026-04-09T07:58:40Z,24179093625,Hyperliquid Collector,cloud_data/events_2026-04-09.jsonl
2026-04-09T08:03:34Z,24179282458,Hyperliquid Collector,cloud_data/events_2026-04-09.jsonl
2026-04-09T08:08:34Z,24179476968,Hyperliquid Collector,cloud_data/events_2026-04-09.jsonl
2026-04-09T08:13:27Z,24179676299,Hyperliquid Collector,cloud_data/events_2026-04-09.jsonl
2026-04-09T08:18:19Z,24179873658,Hyperliquid Collector,cloud_data/events_2026-04-09.jsonl
2026-04-09T08:23:11Z,24180068829,Hyperliquid Collector,cloud_data/events_2026-04-09.jsonl
2026-04-09T08:28:05Z,24180262196,Hyperliquid Collector,cloud_data/events_2026-04-09.jsonl
